{
  "jaw": [
    409.2823439878234,
    364.5570776255708
  ],
  "head": [
    430.1792763157895,
    446.1858552631579
  ],
  "tail": [
    763.7592905405405,
    750.3471283783783
  ],
  "arm-R": [
    284.04474885844746,
    621.7570776255708
  ],
  "arm-L": [
    554.0882591950373,
    533.9069308290556
  ],
  "leg-R": [
    309.7674242424242,
    801.2136363636364
  ],
  "leg-L": [
    673.1141980839479,
    738.3237611137914
  ]
}